bedroom|bathroom|garage|parking|erf-size|building-size|price
6|6|8|NaN|5,965 m²|1,700 m²|R100,000,000
5|6|10|NaN|1,241 m²|1,800 m²|POA
4|6|3|NaN|818 m²|900 m²|R85,000,000
4|4.5|2|2|721 m²|780 m²|R85,000,000
5|4.5|3|NaN|579 m²|625 m²|R82,800,000
5|5.5|3|NaN|705 m²|NaN|R75,000,000
5|4|NaN|NaN|403 m²|306 m²|R75,000,000
5|5|3|NaN|1,550 m²|NaN|R75,000,000
5|6|3|NaN|3,195 m²|NaN|R69,995,000
4|4|NaN|3|NaN|430 m²|R63,000,000
4|4.5|NaN|4|NaN|411 m²|R59,000,000
6|6|NaN|2|991 m²|862 m²|R59,000,000
3|3|NaN|NaN|476 m²|NaN|R59,000,000
3|3|NaN|3|341 m²|341 m²|POA
4|4|2|NaN|10,900 m²|NaN|R57,000,000
3|3|NaN|NaN|366 m²|213 m²|R50,000,000
2|2.5|NaN|3|NaN|277 m²|R49,995,000
3|4|NaN|3|NaN|509 m²|R49,995,000
4|5.5|3|3|1,095 m²|NaN|R49,995,000
7|7|2|10|4,673 m²|885 m²|R49,800,000
6|7|6|NaN|6,240 m²|NaN|R49,000,000
7|7|3|NaN|7,555 m²|NaN|R49,000,000
5|5|4|4|1,044 m²|900 m²|R47,500,000
4|4|NaN|3|NaN|376 m²|R45,000,000
3|4|NaN|3|465 m²|465 m²|R45,000,000
5|5|4|NaN|1,135 m²|880 m²|R45,000,000
6|5|5|NaN|3,622 m²|NaN|R45,000,000
2|2.5|NaN|1|272 m²|NaN|R42,950,000
4|4.5|2|2|NaN|340 m²|R40,250,000
3|3|2|NaN|NaN|546 m²|R40,000,000
6|5.5|3|10|7,353 m²|1,100 m²|R40,000,000
3|3|NaN|1|NaN|231 m²|R39,500,000
8|8|4|NaN|1,205 m²|NaN|R39,000,000
5|5|2|NaN|414 m²|NaN|R38,995,000
4|3.5|2|NaN|906 m²|NaN|R38,500,000
6|6|4|NaN|5,612 m²|NaN|R38,000,000
3|2|2|NaN|1,255 m²|400 m²|R37,995,000
4|4|NaN|NaN|369 m²|NaN|R37,500,000
6|6|3|NaN|805 m²|400 m²|R36,685,000
5|6.5|2|NaN|700 m²|NaN|R36,500,000
3|3|2|NaN|NaN|429 m²|R35,000,000
3|2|NaN|NaN|NaN|172 m²|R35,000,000
4|3.5|NaN|2|NaN|353 m²|R34,995,000
4|4|2|2|1,827 m²|NaN|R34,210,000
4|4|2|2|2,107 m²|NaN|R34,210,000
4|4|2|2|1,884 m²|NaN|R34,210,000
5|5.5|4|6|4,006 m²|1,240 m²|R34,000,000
3|3.5|NaN|3|NaN|357 m²|R33,000,000
5|5|3|NaN|1,073 m²|830 m²|R33,000,000
5|5|4|NaN|1,106 m²|NaN|R32,995,000
4|4|2|2|1,960 m²|517 m²|R32,200,000
5|5|4|NaN|1,152 m²|NaN|R32,000,000
6|6.5|3|NaN|1,450 m²|1,100 m²|R31,500,000
6|6|2|NaN|4,006 m²|NaN|R31,000,000
3|2.5|NaN|2|249 m²|249 m²|R31,000,000
3|2.5|2|NaN|NaN|297 m²|R30,000,000
6|7|2|NaN|4,838 m²|NaN|R29,995,000
3|3|NaN|3|NaN|221 m²|R29,995,000
7|7.5|10|NaN|4,000 m²|NaN|R29,900,000
5|5|6|NaN|967 m²|1,060 m²|R29,800,000
4|4.5|2|NaN|887 m²|700 m²|R29,500,000
4|4|NaN|2|NaN|616 m²|R29,500,000
4|6|6|NaN|3,035 m²|1,100 m²|R29,000,000
3|2|NaN|NaN|263 m²|263 m²|R29,000,000
4|3|1|2|NaN|243 m²|R28,500,000
5|5.5|2|NaN|1,322 m²|NaN|R28,000,000
5|6|3|NaN|2,001 m²|534 m²|R28,000,000
5|5.5|4|NaN|882 m²|725 m²|R28,000,000
5|4|2|NaN|3,357 m²|NaN|R27,750,000
4|4|NaN|4|NaN|280 m²|R27,594,250
5|5.5|4|NaN|4,060 m²|NaN|R27,500,000
5|6.5|10|NaN|4,056 m²|NaN|R27,500,000
8|9|2|NaN|833 m²|935 m²|R26,995,000
3|3.5|NaN|NaN|NaN|358 m²|R26,950,000
6|6|2|NaN|331 m²|550 m²|R26,500,000
2|2|NaN|2|303 m²|167 m²|R26,450,000
5|5.5|5|NaN|1,114 m²|NaN|R25,995,000
4|3|3|NaN|952 m²|NaN|R25,995,000
6|6.5|2|NaN|1,037 m²|474 m²|R25,950,000
3|3|2|2|NaN|269 m²|R25,400,000
5|5.5|2|NaN|451 m²|NaN|R25,000,000
5|5.5|2|NaN|952 m²|550 m²|R24,995,000
6|6|2|2|1,340 m²|NaN|R24,990,000
5|5|4|NaN|4,144 m²|NaN|R24,950,000
4|3.5|NaN|2|NaN|547 m²|R24,500,000
4|3.5|2|NaN|1,500 m²|NaN|R24,437,500
5|5|3|NaN|646 m²|500 m²|R23,995,000
3|3.5|NaN|2|NaN|294 m²|R23,950,000
3|3.5|NaN|3|NaN|317 m²|R23,500,000
3|3|2|NaN|NaN|212 m²|R23,500,000
4|5|6|NaN|889 m²|780 m²|R23,000,000
4|3|3|NaN|474 m²|487 m²|R23,000,000
4|3.5|2|NaN|2,046 m²|NaN|POA
3|3.5|NaN|2|NaN|224 m²|R22,995,000
5|5.5|3|3|411 m²|NaN|R22,995,000
5|4|4|NaN|1,202 m²|677 m²|R22,995,000
4|4.5|2|NaN|NaN|333 m²|R22,994,250
3|3|NaN|1|NaN|142 m²|R22,950,000
3|2|NaN|2|NaN|480 m²|R22,950,000
5|5|3|NaN|988 m²|689 m²|R22,000,000
4|4|2|2|456 m²|NaN|R22,000,000
4|4.5|2|NaN|819 m²|NaN|R21,995,000
4|3.5|2|NaN|400 m²|NaN|R21,995,000
3|3|NaN|1|NaN|235 m²|R21,995,000
5|5.5|2|1|1,249 m²|529 m²|R21,500,000
4|4|5|NaN|1,981 m²|1,080 m²|R21,500,000
4|5.5|1|NaN|307 m²|NaN|R21,500,000
5|4.5|2|NaN|763 m²|NaN|R21,500,000
4|4.5|3|NaN|1,120 m²|729 m²|R20,760,000
6|6|2|3|1,542 m²|720 m²|R19,995,000
5|5|4|NaN|1,155 m²|NaN|R19,990,000
5|5|5|NaN|4,426 m²|NaN|R19,950,000
4|5|3|NaN|4,180 m²|NaN|R19,900,000
4|4.5|2|NaN|1,270 m²|428 m²|R19,500,000
6|6|4|NaN|2,498 m²|NaN|R18,950,000
5|5|2|NaN|863 m²|580 m²|R18,950,000
5|5.5|2|NaN|583 m²|NaN|R18,950,000
4|3|3|NaN|1,046 m²|NaN|R18,900,000
3|2.5|NaN|2|NaN|216 m²|R18,900,000
4|4|2|NaN|3,548 m²|650 m²|R18,500,000
2|2|NaN|2|NaN|152 m²|R18,400,000
3|3.5|NaN|2|292 m²|NaN|R18,350,000
4|4|4|NaN|949 m²|780 m²|R18,300,000
5|6|3|NaN|308 m²|NaN|R18,000,000
4|4|2|NaN|NaN|379 m²|R17,995,000
5|5|3|4|4,212 m²|580 m²|R17,950,000
5|4|2|NaN|1,105 m²|NaN|R17,950,000
5|5.5|4|NaN|819 m²|579 m²|R17,900,000
5|5|2|NaN|1,400 m²|NaN|R17,550,000
3|3|2|NaN|301 m²|350 m²|R17,500,000
2|2.5|1|NaN|NaN|242 m²|R17,500,000
2|2|NaN|2|NaN|138 m²|R17,244,250
3|3.5|2|NaN|826 m²|380 m²|R17,100,000
3|2|2|NaN|269 m²|380 m²|R16,995,000
7|6.5|3|NaN|1,531 m²|650 m²|R16,995,000
5|4|2|1|896 m²|738 m²|R16,995,000
7|5|4|NaN|1,535 m²|NaN|R16,995,000
4|4.5|NaN|NaN|750 m²|NaN|R16,995,000
6|5|NaN|NaN|3,412 m²|450 m²|R16,950,000
3|3|NaN|2|NaN|282 m²|R16,950,000
4|3|3|NaN|2,086 m²|480 m²|R16,900,000
9|10|5|NaN|3,141 m²|750 m²|POA
5|5.5|3|NaN|1,358 m²|NaN|R16,550,000
3|3.5|NaN|2|NaN|267 m²|R16,500,000
3|4|1|2|NaN|368 m²|R16,400,000
3|3.5|2|NaN|1,021 m²|500 m²|R16,250,000
3|2|NaN|2|NaN|174 m²|R16,094,250
4|5|3|NaN|823 m²|950 m²|R15,995,000
4|4|2|NaN|1,017 m²|480 m²|R15,995,000
4|4.5|2|NaN|461 m²|NaN|R15,990,000
5|5|4|NaN|850 m²|1,020 m²|R15,955,000
4|4|NaN|2|465 m²|NaN|R15,950,000
3|3|2|4|1,418 m²|518 m²|R15,950,000
4|4|2|NaN|1,009 m²|475 m²|R15,950,000
3|3|NaN|2|306 m²|306 m²|R15,950,000
4|3.5|2|NaN|446 m²|NaN|R15,900,000
5|3|4|NaN|1,243 m²|NaN|R15,900,000
6|5.5|3|NaN|711 m²|656 m²|R15,800,000
4|3|2|NaN|600 m²|340 m²|R15,500,000
4|4|5|NaN|1,071 m²|671 m²|R15,500,000
3|3|5|NaN|1,194 m²|533 m²|R15,495,000
5|5.5|2|NaN|664 m²|680 m²|R15,490,000
2|2.5|NaN|2|NaN|146 m²|R15,252,000
5|5|3|NaN|728 m²|NaN|R15,250,000
2|2|NaN|NaN|NaN|130 m²|R15,250,000
2|2.5|NaN|2|NaN|153 m²|R15,250,000
9|9|NaN|NaN|2,522 m²|320 m²|R15,000,000
4|3|3|NaN|473 m²|NaN|R14,999,999
4|4|4|NaN|962 m²|NaN|R14,995,000
4|7|3|NaN|784 m²|680 m²|R14,995,000
4|4|NaN|NaN|543 m²|NaN|R14,995,000
2|2.5|NaN|2|NaN|315 m²|R14,995,000
5|6|3|NaN|945 m²|NaN|R14,995,000
4|4|3|NaN|864 m²|480 m²|R14,950,000
6|6|5|NaN|635 m²|1,000 m²|R14,950,000
6|6|2|NaN|798 m²|NaN|R14,950,000
6|6.5|2|6|1,788 m²|NaN|R14,950,000
4|3|2|NaN|2,036 m²|NaN|R14,900,000
4|2.5|2|NaN|864 m²|NaN|R14,750,000
4|3|2|NaN|895 m²|NaN|R14,695,000
4|4|2|NaN|968 m²|580 m²|R14,500,000
6|5|3|NaN|695 m²|NaN|R14,500,000
4|4|2|NaN|933 m²|643 m²|R14,495,000
5|4|2|NaN|972 m²|680 m²|R14,495,000
4|3|3|NaN|NaN|325 m²|R14,450,000
4|3.5|2|NaN|2,080 m²|NaN|R14,250,000
5|4|2|NaN|809 m²|NaN|R13,995,000
5|3.5|2|NaN|445 m²|NaN|R13,995,000
5|5|4|NaN|513 m²|NaN|R13,995,000
5|3.5|2|NaN|1,060 m²|NaN|R13,995,000
4|4.5|4|4|1,447 m²|550 m²|R13,995,000
3|3.5|NaN|2|NaN|226 m²|R13,995,000
2|2|NaN|2|NaN|168 m²|R13,950,000
4|4.5|2|NaN|1,001 m²|361 m²|R13,950,000
4|4|2|NaN|NaN|388 m²|R13,950,000
3|2|2|NaN|843 m²|480 m²|R13,900,000
5|4.5|3|NaN|2,025 m²|615 m²|R13,900,000
4|5|2|NaN|701 m²|NaN|R13,900,000
3|3.5|NaN|2|NaN|282 m²|R13,750,000
1|1|NaN|NaN|NaN|83 m²|R13,500,000
3|2.5|NaN|2|NaN|165 m²|R13,500,000
4|4|2|NaN|903 m²|350 m²|R13,500,000
5|2|4|NaN|842 m²|626 m²|R13,500,000
2|2|NaN|2|NaN|157 m²|R13,500,000
4|4|1|NaN|NaN|252 m²|R13,495,000
4|4.5|2|NaN|941 m²|402 m²|R13,495,000
5|4|3|NaN|866 m²|490 m²|R13,450,000
4|4|NaN|NaN|810 m²|NaN|R13,450,000
4|4.5|2|NaN|625 m²|520 m²|R13,395,000
5|5|3|NaN|924 m²|720 m²|R13,195,000
4|2.5|1|1|NaN|247 m²|R12,995,000
5|4|4|NaN|948 m²|NaN|R12,950,000
2|2|NaN|2|NaN|160 m²|R12,950,000
3|4|NaN|2|NaN|282 m²|R12,850,000
4|5|4|4|1,029 m²|NaN|R12,850,000
2|2|NaN|2|154 m²|154 m²|R12,800,000
4|4.5|2|NaN|524 m²|410 m²|R12,750,000
4|3.5|2|NaN|763 m²|385 m²|R12,500,000
5|5|2|NaN|790 m²|650 m²|R12,500,000
2|2|NaN|2|NaN|299 m²|R12,500,000
3|3|NaN|NaN|187 m²|187 m²|R12,500,000
4|2|2|NaN|828 m²|NaN|R12,500,000
3|3|2|NaN|NaN|254 m²|R12,500,000
3|3.5|2|NaN|447 m²|NaN|R12,500,000
4|3|2|NaN|1,311 m²|NaN|R12,500,000
6|4.5|2|NaN|1,009 m²|381 m²|R12,500,000
4|4|2|NaN|1,180 m²|381 m²|R12,495,000
5|4|2|NaN|956 m²|NaN|R12,495,000
4|3|2|NaN|409 m²|NaN|R12,495,000
4|4.5|2|NaN|571 m²|387 m²|R12,495,000
4|4|2|NaN|608 m²|402 m²|R12,495,000
4|4.5|NaN|NaN|477 m²|430 m²|R12,250,000
4|4|NaN|2|374 m²|374 m²|R12,000,000
4|3|1|2|NaN|266 m²|R12,000,000
5|4|2|NaN|752 m²|645 m²|R11,995,000
4|3|2|NaN|1,200 m²|NaN|R11,995,000
4|5|4|NaN|1,228 m²|1,000 m²|R11,995,000
6|6.5|3|NaN|2,386 m²|480 m²|R11,995,000
2|2|2|NaN|NaN|203 m²|R11,995,000
4|3|1|NaN|597 m²|NaN|R11,985,000
6|5|2|NaN|1,575 m²|NaN|R11,950,000
3|3|NaN|NaN|594 m²|275 m²|R11,900,000
4|3|2|NaN|806 m²|NaN|R11,800,000
8|8|6|NaN|716 m²|NaN|R11,750,000
1|1|NaN|1|NaN|115 m²|R11,500,000
4|3|2|NaN|649 m²|580 m²|R11,500,000
3|3|2|NaN|3,240 m²|370 m²|R11,500,000
2|2.5|NaN|2|NaN|125 m²|R11,495,000
6|4.5|4|NaN|430 m²|NaN|R11,495,000
5|4|2|6|908 m²|404 m²|R11,450,000
2|2.5|NaN|2|NaN|179 m²|R11,250,000
3|2|2|NaN|NaN|458 m²|R11,000,000
2|2|NaN|1|270 m²|NaN|R11,000,000
4|2.5|2|NaN|397 m²|NaN|R10,995,000
2|2|NaN|2|NaN|127 m²|R10,995,000
7|7|2|NaN|634 m²|450 m²|R10,995,000
2|2|NaN|2|NaN|124 m²|R10,995,000
3|4|NaN|2|NaN|130 m²|R10,995,000
4|4|2|3|495 m²|397 m²|R10,995,000
3|2.5|1|NaN|575 m²|318 m²|R10,950,000
2|2.5|2|1|NaN|189 m²|R10,950,000
4|4|2|NaN|1,148 m²|NaN|R10,950,000
4|2|1|NaN|1,071 m²|NaN|R10,950,000
2|1|NaN|1|NaN|94 m²|R10,950,000
5|3|2|NaN|1,117 m²|NaN|R10,950,000
7|7|3|NaN|1,488 m²|1,043 m²|R10,900,000
4|3|1|NaN|672 m²|NaN|R10,750,000
4|3.5|2|NaN|495 m²|297 m²|R10,750,000
2|2.5|NaN|2|NaN|99 m²|R10,750,000
3|3|2|NaN|384 m²|NaN|R10,500,000
3|3.5|2|NaN|368 m²|454 m²|R10,500,000
5|4|2|NaN|982 m²|620 m²|R10,500,000
5|4|2|NaN|1,325 m²|NaN|R10,500,000
3|3|2|NaN|343 m²|NaN|R10,500,000
4|4|2|NaN|1,116 m²|682 m²|R10,500,000
3|1.5|1|1|594 m²|NaN|R10,500,000
4|4.5|NaN|2|NaN|260 m²|R10,000,000
2|2.5|NaN|2|NaN|125 m²|R9,995,000
2|2|NaN|2|190 m²|190 m²|R9,995,000
3|2.5|2|NaN|248 m²|300 m²|R9,995,000
6|4|1|NaN|1,212 m²|NaN|R9,995,000
4|4|2|NaN|987 m²|NaN|R9,990,000
5|2|2|NaN|1,000 m²|NaN|R9,950,000
3|2|NaN|3|NaN|230 m²|R9,950,000
4|5|2|NaN|858 m²|NaN|R9,950,000
5|6|3|NaN|1,971 m²|800 m²|R9,950,000
2|2|NaN|NaN|1,100 m²|200 m²|R9,950,000
5|3|1|NaN|737 m²|NaN|R9,950,000
3|3|NaN|2|NaN|251 m²|R9,950,000
4|3|NaN|NaN|449 m²|152 m²|R9,950,000
5|7|3|4|736 m²|510 m²|R9,900,000
2|2|NaN|2|NaN|135 m²|R9,900,000
3|3.5|NaN|2|NaN|217 m²|R9,850,000
4|3|3|NaN|512 m²|NaN|R9,800,000
6|4.5|3|NaN|1,236 m²|600 m²|R9,800,000
3|3|NaN|NaN|511 m²|166 m²|R9,800,000
6|4|8|NaN|1,363 m²|1,001 m²|R9,799,995
5|4|2|NaN|772 m²|550 m²|R9,690,000
4|3.5|2|NaN|496 m²|426 m²|R9,520,000
2|2|NaN|1|NaN|113 m²|R9,500,000
3|3.5|1|NaN|NaN|190 m²|R9,500,000
4|3|NaN|NaN|402 m²|300 m²|R9,500,000
3|3.5|2|NaN|291 m²|NaN|R9,495,000
4|4|2|NaN|1,172 m²|571 m²|R9,200,000
NaN|2|NaN|NaN|946 m²|NaN|R9,000,000
2|2.5|NaN|2|NaN|135 m²|R8,995,000
3|3|1|NaN|862 m²|NaN|R8,995,000
2|2|NaN|2|639 m²|138 m²|R8,950,000
3|3|2|NaN|496 m²|NaN|R8,950,000
4|5|3|NaN|925 m²|700 m²|R8,950,000
3|1|1|NaN|765 m²|220 m²|R8,950,000
4|4|2|NaN|700 m²|299 m²|R8,850,000
4|3|2|NaN|1,100 m²|330 m²|R8,850,000
1|1|NaN|1|240 m²|62 m²|R8,850,000
4|3|NaN|NaN|163 m²|NaN|R8,750,000
3|3.5|2|NaN|366 m²|NaN|R8,750,000
2|2|1|NaN|NaN|168 m²|R8,700,000
8|5|4|NaN|636 m²|500 m²|R8,600,000
4|3|2|NaN|851 m²|430 m²|R8,595,000
4|3|2|NaN|491 m²|NaN|R8,500,000
5|5.5|4|NaN|718 m²|500 m²|R8,500,000
4|4.5|2|NaN|1,767 m²|450 m²|R8,500,000
5|4.5|5|NaN|1,200 m²|850 m²|R8,500,000
4|3.5|2|NaN|701 m²|348 m²|R8,499,500
5|2.5|1|NaN|991 m²|NaN|R8,450,000
3|2|NaN|2|NaN|107 m²|R8,450,000
1|1.5|NaN|NaN|NaN|71 m²|R8,400,000
1|1|NaN|NaN|NaN|59 m²|R8,395,000
3|2|1|1|NaN|133 m²|R8,250,000
3|2|2|2|NaN|254 m²|R8,250,000
5|5|2|NaN|598 m²|480 m²|R8,200,000
3|3.5|2|NaN|1,121 m²|340 m²|POA
4|5|3|NaN|654 m²|300 m²|R7,999,000
4|3|1|NaN|424 m²|NaN|R7,999,000
4|4|2|NaN|NaN|192 m²|R7,999,000
3|2|2|NaN|457 m²|NaN|R7,950,000
5|4|2|NaN|702 m²|410 m²|R7,950,000
2|3|2|NaN|1,080 m²|329 m²|R7,950,000
4|3|2|NaN|2,002 m²|NaN|R7,950,000
4|2|2|NaN|1,006 m²|NaN|R7,900,000
1|2|NaN|NaN|NaN|83 m²|R7,850,000
3|2|1|NaN|NaN|177 m²|R7,800,000
6|4|3|NaN|1,379 m²|547 m²|R7,795,000
4|2.5|2|NaN|1,970 m²|514 m²|R7,750,000
2|2|NaN|2|NaN|156 m²|R7,750,000
4|3.5|2|NaN|1,357 m²|NaN|R7,750,000
5|4|3|NaN|1,666 m²|440 m²|R7,750,000
2|2|NaN|1|NaN|169 m²|R7,700,000
5|3.5|2|NaN|751 m²|370 m²|R7,700,000
2|2|1|NaN|NaN|161 m²|R7,700,000
3|3|NaN|NaN|1,409 m²|550 m²|R7,695,000
3|3|NaN|1|NaN|130 m²|R7,695,000
3|2|NaN|NaN|356 m²|180 m²|R7,695,000
4|4|2|NaN|621 m²|404 m²|R7,650,000
3|3|NaN|1|109 m²|109 m²|R7,630,000
5|3|2|NaN|749 m²|341 m²|R7,598,000
3|3.5|2|NaN|287 m²|287 m²|R7,500,000
6|5|2|NaN|804 m²|490 m²|R7,500,000
3|2.5|1|1|NaN|192 m²|R7,500,000
7|6|2|NaN|1,104 m²|600 m²|R7,500,000
6|7|2|NaN|795 m²|NaN|R7,500,000
3|2|2|NaN|228 m²|NaN|R7,495,000
3|2.5|NaN|2|166 m²|260 m²|R7,495,000
3|2.5|NaN|NaN|447 m²|NaN|R7,450,000
2|2|NaN|2|455 m²|153 m²|R7,450,000
4|3|2|NaN|743 m²|NaN|R7,400,000
5|4.5|2|NaN|1,547 m²|NaN|R7,400,000
3|3.5|2|NaN|710 m²|335 m²|R7,395,000
4|4|2|3|473 m²|563 m²|R7,350,000
2|2|NaN|NaN|71 m²|210 m²|R7,295,000
3|2|1|NaN|NaN|132 m²|R7,250,000
3|2.5|NaN|2|NaN|177 m²|R7,250,000
2|2.5|NaN|2|NaN|154 m²|R7,245,000
3|2.5|NaN|2|181 m²|181 m²|R7,200,000
4|2|1|NaN|448 m²|237 m²|R7,100,000
4|2|2|NaN|1,939 m²|415 m²|R6,999,999
3|2|2|NaN|695 m²|260 m²|R6,999,000
3|2.5|NaN|NaN|331 m²|NaN|R6,999,000
3|2|1|NaN|NaN|148 m²|R6,997,000
3|3|NaN|2|NaN|180 m²|R6,995,000
4|2|6|NaN|967 m²|NaN|POA
3|2|1|NaN|NaN|214 m²|R6,950,000
4|3|2|NaN|1,010 m²|340 m²|R6,950,000
4|2|2|NaN|1,452 m²|430 m²|R6,950,000
1|1|NaN|NaN|93 m²|93 m²|R6,950,000
4|3|2|NaN|934 m²|300 m²|R6,950,000
5|2.5|4|NaN|1,184 m²|500 m²|R6,900,000
3|2|NaN|3|NaN|227 m²|R6,890,000
3|4|2|NaN|305 m²|NaN|R6,850,000
4|4|2|NaN|700 m²|371 m²|R6,800,000
4|3.5|2|NaN|794 m²|377 m²|R6,800,000
4|2|2|NaN|271 m²|NaN|R6,800,000
3|1.5|1|NaN|708 m²|NaN|R6,800,000
7|7|2|NaN|1,348 m²|450 m²|R6,795,000
6|3|4|4|765 m²|366 m²|R6,750,000
3|2|NaN|NaN|171 m²|NaN|R6,700,000
3|2|2|NaN|892 m²|390 m²|R6,695,000
4|3.5|2|NaN|739 m²|NaN|R6,695,000
2|2.5|NaN|2|NaN|141 m²|R6,695,000
3|2|NaN|1|NaN|133 m²|R6,600,000
3|2|NaN|2|NaN|175 m²|R6,575,000
2|2|NaN|2|NaN|270 m²|R6,550,000
2|2.5|2|NaN|NaN|122 m²|R6,500,000
3|3|1|NaN|NaN|143 m²|R6,500,000
5|3|2|NaN|1,113 m²|500 m²|R6,500,000
4|4|2|NaN|1,025 m²|460 m²|R6,500,000
3|2.5|2|NaN|440 m²|NaN|R6,495,000
3|2|3|NaN|1,085 m²|NaN|R6,495,000
3|2|1|NaN|595 m²|NaN|R6,495,000
2|2|NaN|2|NaN|176 m²|R6,495,000
5|4.5|3|NaN|1,200 m²|NaN|R6,495,000
5|3.5|3|NaN|1,974 m²|NaN|R6,450,000
3|3|2|NaN|165 m²|251 m²|R6,400,000
5|4|3|NaN|1,198 m²|560 m²|R6,400,000
3|2.5|1|1|NaN|184 m²|R6,400,000
5|5|4|4|660 m²|530 m²|R6,400,000
2|2|1|NaN|NaN|154 m²|R6,395,000
4|3|2|5|1,216 m²|750 m²|R6,395,000
3|2|NaN|1|3,742 m²|144 m²|R6,350,000
4|3|1|NaN|491 m²|239 m²|R6,300,000
3|3|2|NaN|643 m²|326 m²|R6,300,000
2|2|NaN|NaN|NaN|213 m²|R6,300,000
4|3|2|NaN|1,489 m²|240 m²|R6,295,000
6|4.5|2|NaN|1,157 m²|430 m²|R6,295,000
3|1|1|1|NaN|122 m²|R6,295,000
5|4|2|NaN|666 m²|530 m²|R6,250,000
2|2|1|NaN|NaN|140 m²|R6,250,000
2|2.5|NaN|1|NaN|120 m²|R6,250,000
3|2|2|NaN|535 m²|NaN|R6,200,000
4|3|NaN|NaN|757 m²|NaN|R6,200,000
2|2|1|1|NaN|120 m²|R6,150,000
3|3|3|NaN|849 m²|NaN|R6,150,000
3|3.5|NaN|NaN|199 m²|199 m²|R6,000,000
4|3|1|NaN|495 m²|NaN|R6,000,000
5|4|3|NaN|969 m²|NaN|R6,000,000
2|2.5|NaN|2|NaN|84 m²|R5,999,000
6|3|3|NaN|1,179 m²|579 m²|R5,995,000
2|2|NaN|2|NaN|87 m²|R5,995,000
3|3|2|NaN|730 m²|NaN|R5,995,000
2|2|1|1|NaN|83 m²|R5,995,000
7|6.5|NaN|NaN|1,488 m²|590 m²|R5,995,000
4|2|2|NaN|599 m²|333 m²|R5,995,000
2|2|NaN|2|NaN|155 m²|R5,995,000
3|2|NaN|NaN|169 m²|NaN|R5,990,000
2|2|NaN|2|NaN|96 m²|R5,990,000
4|3|2|NaN|727 m²|NaN|R5,950,000
2|2|NaN|1|84 m²|86 m²|R5,950,000
3|2.5|2|NaN|205 m²|262 m²|R5,950,000
3|2|1|NaN|278 m²|NaN|R5,950,000
5|2|2|NaN|1,029 m²|450 m²|R5,950,000
1|1|NaN|1|NaN|72 m²|R5,895,000
4|2|2|NaN|380 m²|308 m²|R5,895,000
2|2.5|NaN|NaN|124 m²|NaN|R5,850,000
4|3|2|NaN|666 m²|NaN|R5,850,000
2|2|NaN|2|NaN|108 m²|R5,850,000
3|3|NaN|2|2,625 m²|171 m²|R5,850,000
8|6|NaN|NaN|942 m²|NaN|R5,800,000
3|2|NaN|NaN|NaN|108 m²|R5,800,000
2|2|NaN|NaN|NaN|85 m²|R5,798,000
4|3|1|NaN|828 m²|NaN|R5,795,000
4|4|3|NaN|2,225 m²|423 m²|R5,795,000
3|2.5|NaN|NaN|176 m²|176 m²|R5,750,000
2|2|NaN|2|NaN|86 m²|R5,750,000
2|2|NaN|2|NaN|87 m²|R5,750,000
6|5|3|NaN|560 m²|NaN|R5,700,000
2|2|NaN|2|NaN|86 m²|R5,700,000
5|3.5|2|NaN|1,000 m²|465 m²|R5,690,000
2|2|NaN|2|NaN|125 m²|R5,650,000
3|2|1|NaN|165 m²|165 m²|R5,600,000
4|2.5|2|NaN|699 m²|240 m²|R5,595,000
4|3|2|NaN|1,338 m²|404 m²|R5,590,000
3|2.5|2|NaN|1,002 m²|290 m²|R5,500,000
3|2|NaN|NaN|745 m²|136 m²|R5,500,000
3|2|1|NaN|NaN|140 m²|R5,500,000
3|2.5|1|NaN|129 m²|150 m²|R5,500,000
3|2|1|2|688 m²|NaN|R5,495,000
3|3|3|NaN|NaN|174 m²|R5,495,000
3|2.5|2|NaN|NaN|144 m²|R5,495,000
4|2|1|NaN|495 m²|NaN|R5,495,000
3|2|2|NaN|200 m²|NaN|R5,490,000
2|2|NaN|NaN|NaN|94 m²|R5,450,000
3|3.5|2|NaN|853 m²|315 m²|R5,395,000
2|2|NaN|2|NaN|87 m²|R5,350,000
5|4|3|NaN|1,127 m²|450 m²|R5,350,000
2|2|NaN|2|NaN|87 m²|R5,350,000
2|2|1|NaN|167 m²|NaN|R5,350,000
2|2|NaN|2|NaN|86 m²|R5,300,000
4|4|4|NaN|601 m²|NaN|R5,300,000
11|11|NaN|NaN|1,004 m²|1,004 m²|R5,300,000
2|2|NaN|NaN|NaN|90 m²|R5,295,000
4|4|2|NaN|1,180 m²|NaN|R5,295,000
5|1|3|NaN|495 m²|NaN|R5,290,000
2|2|NaN|2|NaN|81 m²|R5,250,000
2|2|NaN|2|NaN|89 m²|R5,250,000
3|2|1|NaN|496 m²|210 m²|R5,250,000
10|10|3|NaN|803 m²|500 m²|R5,250,000
2|2|NaN|1|NaN|119 m²|R5,245,000
2|2|NaN|NaN|NaN|223 m²|R5,150,000
4|3.5|4|NaN|746 m²|395 m²|R5,100,000
4|2|2|NaN|599 m²|340 m²|R4,999,000
2|2|NaN|NaN|NaN|97 m²|R4,995,000
3|3|NaN|NaN|718 m²|NaN|R4,995,000
3|3|2|NaN|716 m²|NaN|R4,995,000
5|4|4|NaN|924 m²|455 m²|R4,995,000
3|2|2|NaN|NaN|200 m²|R4,995,000
3|2|2|NaN|401 m²|250 m²|R4,995,000
4|4|2|NaN|285 m²|285 m²|R4,995,000
3|2|NaN|2|NaN|149 m²|R4,995,000
2|2|NaN|2|NaN|87 m²|R4,950,000
2|2|NaN|1|91 m²|91 m²|R4,950,000
4|3|2|NaN|982 m²|375 m²|R4,950,000
4|3|2|NaN|988 m²|340 m²|R4,950,000
3|2|2|NaN|563 m²|NaN|R4,950,000
2|2|NaN|1|NaN|104 m²|R4,950,000
4|3.5|2|4|713 m²|NaN|R4,950,000
3|3|2|NaN|457 m²|268 m²|R4,950,000
2|2|NaN|2|NaN|86 m²|R4,950,000
2|2|NaN|1|NaN|102 m²|R4,950,000
5|3|2|2|896 m²|219 m²|R4,950,000
3|2.5|NaN|2|NaN|133 m²|R4,930,000
7|4|4|NaN|713 m²|500 m²|R4,900,000
4|3.5|1|NaN|444 m²|NaN|R4,900,000
3|3|1|NaN|994 m²|NaN|R4,895,000
4|3|2|NaN|729 m²|NaN|R4,895,000
4|3|1|NaN|2,380 m²|NaN|R4,850,000
2|1|NaN|NaN|239 m²|NaN|R4,800,000
3|2|2|NaN|285 m²|NaN|R4,800,000
4|4|2|NaN|1,082 m²|310 m²|R4,800,000
3|1|NaN|NaN|217 m²|NaN|R4,800,000
2|2|NaN|2|NaN|147 m²|R4,795,000
2|2|NaN|2|NaN|95 m²|R4,795,000
5|4|4|NaN|850 m²|420 m²|R4,795,000
2|2|NaN|NaN|NaN|99 m²|R4,795,000
4|3|2|4|1,110 m²|320 m²|R4,790,000
3|2|NaN|NaN|167 m²|NaN|R4,750,000
2|2|NaN|1|NaN|105 m²|R4,750,000
2|2|NaN|1|73 m²|73 m²|R4,745,000
5|2|NaN|13|981 m²|NaN|R4,725,000
3|2|2|NaN|NaN|138 m²|R4,700,000
5|3|5|NaN|1,758 m²|515 m²|R4,700,000
5|3|4|NaN|1,146 m²|418 m²|R4,695,000
3|2|NaN|NaN|410 m²|NaN|R4,650,000
3|2.5|1|1|NaN|188 m²|R4,600,000
2|2|NaN|NaN|NaN|158 m²|R4,595,000
3|3.5|2|NaN|492 m²|400 m²|R4,595,000
4|3|3|NaN|1,070 m²|340 m²|R4,595,000
2|2|NaN|NaN|NaN|97 m²|R4,550,000
2|1.5|NaN|2|NaN|90 m²|R4,525,000
3|3|2|NaN|436 m²|305 m²|R4,500,000
1|1|NaN|1|NaN|64 m²|R4,500,000
3|2|1|NaN|724 m²|NaN|R4,500,000
2|2|NaN|2|NaN|86 m²|R4,500,000
3|2|2|NaN|1,093 m²|260 m²|R4,500,000
4|2|1|NaN|427 m²|NaN|R4,499,900
5|4|2|NaN|660 m²|300 m²|R4,495,000
3|1.5|NaN|NaN|NaN|109 m²|R4,495,000
2|2|NaN|2|NaN|137 m²|R4,495,000
2|2|NaN|1|NaN|88 m²|R4,495,000
4|3|2|NaN|963 m²|292 m²|R4,495,000
2|2|1|NaN|NaN|123 m²|R4,495,000
4|3|1|NaN|988 m²|NaN|R4,495,000
4|2|NaN|NaN|898 m²|262 m²|R4,495,000
NaN|1|NaN|NaN|NaN|40 m²|R4,485,000
2|2|NaN|2|NaN|100 m²|R4,475,000
3|2.5|NaN|2|NaN|210 m²|R4,450,000
6|4.5|2|NaN|1,273 m²|414 m²|R4,400,000
2|2|NaN|2|NaN|146 m²|R4,395,000
2|1|NaN|NaN|68 m²|68 m²|R4,390,000
5|6|1|NaN|377 m²|NaN|R4,350,000
4|3.5|2|NaN|767 m²|498 m²|R4,350,000
3|2|NaN|2|116 m²|116 m²|R4,300,000
3|2|NaN|2|115 m²|148 m²|R4,300,000
3|2.5|2|NaN|773 m²|291 m²|R4,300,000
2|2|1|NaN|495 m²|NaN|R4,299,000
5|2|2|NaN|2,024 m²|387 m²|R4,295,000
4|3|2|NaN|738 m²|289 m²|R4,295,000
3|2|2|4|649 m²|180 m²|R4,295,000
6|4|NaN|NaN|486 m²|NaN|R4,295,000
4|2.5|2|NaN|NaN|216 m²|R4,294,999
3|2.5|1|NaN|NaN|150 m²|R4,290,000
8|7|4|NaN|991 m²|624 m²|R4,255,000
4|2.5|2|NaN|413 m²|230 m²|R4,250,000
4|2|1|NaN|1,179 m²|NaN|R4,250,000
3|2.5|NaN|NaN|645 m²|NaN|R4,250,000
3|2|4|NaN|1,087 m²|395 m²|R4,250,000
2|1|NaN|1|NaN|114 m²|R4,250,000
4|3|1|NaN|406 m²|NaN|R4,250,000
2|2|NaN|NaN|122 m²|122 m²|R4,250,000
2|1|1|NaN|NaN|100 m²|R4,200,000
3|2.5|2|NaN|538 m²|225 m²|R4,200,000
3|2|NaN|2|116 m²|145 m²|R4,200,000
3|1.5|NaN|2|151 m²|151 m²|R4,200,000
1|1|NaN|1|NaN|55 m²|R4,150,000
6|4|NaN|NaN|902 m²|633 m²|R4,100,000
3|2|1|NaN|1,510 m²|300 m²|R4,100,000
2|2|NaN|NaN|118 m²|118 m²|R4,000,000
1|1|2|NaN|230 m²|NaN|R4,000,000
3|2|NaN|NaN|461 m²|NaN|R4,000,000
3|3|2|NaN|924 m²|213 m²|R3,999,000
1|1|NaN|1|NaN|67 m²|R3,995,000
4|2.5|2|NaN|614 m²|260 m²|R3,995,000
4|3.5|2|NaN|443 m²|234 m²|R3,995,000
NaN|1|NaN|1|NaN|55 m²|R3,995,000
2|2|NaN|1|NaN|95 m²|R3,995,000
8|6.5|3|NaN|709 m²|NaN|R3,995,000
5|4|NaN|NaN|603 m²|272 m²|R3,995,000
3|2|NaN|NaN|467 m²|NaN|R3,995,000
2|2|NaN|2|NaN|122 m²|R3,995,000
2|2|NaN|NaN|142 m²|142 m²|R3,995,000
3|2|2|NaN|536 m²|191 m²|R3,995,000
2|2|NaN|NaN|NaN|86 m²|R3,995,000
4|3.5|2|NaN|1,204 m²|440 m²|R3,990,000
4|4|2|NaN|540 m²|272 m²|R3,975,000
5|2|1|NaN|952 m²|238 m²|R3,975,000
2|2|NaN|2|NaN|130 m²|R3,950,000
4|3|2|6|627 m²|209 m²|R3,950,000
2|2|NaN|NaN|278 m²|NaN|R3,950,000
2|1|NaN|NaN|150 m²|NaN|R3,950,000
2|2|NaN|1|NaN|123 m²|R3,950,000
2|1|NaN|NaN|NaN|105 m²|R3,950,000
4|3|NaN|NaN|5,823 m²|350 m²|R3,950,000
3|2.5|2|NaN|898 m²|300 m²|R3,950,000
3|3|2|NaN|1,001 m²|300 m²|R3,950,000
10|8|NaN|NaN|1,948 m²|350 m²|R3,900,000
3|2|NaN|NaN|108 m²|NaN|R3,885,000
3|2|2|NaN|388 m²|165 m²|R3,875,000
4|3|2|NaN|702 m²|NaN|R3,850,000
2|2|NaN|2|NaN|128 m²|R3,825,000
2|2|NaN|2|NaN|95 m²|R3,825,000
1|1|NaN|NaN|NaN|67 m²|R3,800,000
3|4|1|NaN|621 m²|NaN|R3,800,000
5|3|2|NaN|445 m²|245 m²|R3,800,000
2|2|NaN|1|NaN|90 m²|R3,800,000
3|2|2|NaN|594 m²|218 m²|R3,795,000
5|3|2|NaN|1,030 m²|340 m²|R3,795,000
4|3.5|2|NaN|350 m²|250 m²|R3,775,000
4|3|2|NaN|818 m²|304 m²|R3,775,000
3|2|1|NaN|315 m²|NaN|R3,750,000
5|3.5|2|NaN|694 m²|320 m²|R3,750,000
1|1|NaN|1|NaN|64 m²|R3,750,000
3|2.5|2|NaN|438 m²|160 m²|R3,750,000
3|2|2|NaN|429 m²|225 m²|R3,750,000
2|2.5|NaN|NaN|109 m²|109 m²|R3,700,000
2|1|1|NaN|NaN|114 m²|R3,700,000
3|2|2|NaN|NaN|226 m²|R3,700,000
3|1|1|NaN|980 m²|NaN|R3,675,000
4|3|2|NaN|1,119 m²|265 m²|R3,675,000
3|2|2|NaN|1,053 m²|114 m²|R3,650,000
3|2|2|NaN|388 m²|210 m²|R3,650,000
3|2.5|NaN|NaN|101 m²|150 m²|R3,650,000
2|2|1|NaN|NaN|101 m²|R3,650,000
3|2|NaN|NaN|107 m²|NaN|R3,650,000
4|4|2|NaN|936 m²|370 m²|R3,650,000
3|2.5|2|NaN|184 m²|184 m²|R3,650,000
3|3.5|2|NaN|272 m²|NaN|R3,650,000
3|3|1|NaN|442 m²|265 m²|R3,600,000
2|1|NaN|2|NaN|72 m²|R3,595,000
3|2|2|NaN|771 m²|222 m²|R3,595,000
4|3|2|2|618 m²|230 m²|R3,550,000
6|5|3|NaN|1,775 m²|NaN|R3,550,000
2|1|NaN|NaN|NaN|87 m²|R3,550,000
2|1|NaN|NaN|NaN|81 m²|R3,550,000
3|2|1|1|NaN|100 m²|R3,500,000
2|2|NaN|1|NaN|71 m²|R3,500,000
2|2|2|NaN|NaN|93 m²|R3,500,000
2|1.5|1|NaN|NaN|79 m²|R3,500,000
2|1|NaN|NaN|256 m²|84 m²|R3,500,000
3|2|2|NaN|146 m²|146 m²|R3,495,000
3|2.5|1|NaN|NaN|136 m²|R3,495,000
2|2|NaN|NaN|199 m²|NaN|R3,495,000
4|2|2|NaN|528 m²|237 m²|R3,495,000
3|3|2|NaN|600 m²|200 m²|R3,480,000
8|4|NaN|NaN|425 m²|NaN|R3,460,000
4|2|2|NaN|1,098 m²|266 m²|R3,450,000
4|2|2|NaN|1,100 m²|240 m²|R3,450,000
4|2|1|NaN|737 m²|170 m²|R3,450,000
3|2|2|NaN|418 m²|210 m²|R3,445,000
4|3|2|NaN|855 m²|NaN|R3,400,000
3|2.5|2|NaN|285 m²|NaN|R3,395,000
3|1|1|NaN|467 m²|NaN|R3,395,000
2|1|NaN|NaN|NaN|162 m²|R3,395,000
1|1|NaN|NaN|NaN|55 m²|R3,375,000
5|2|2|NaN|312 m²|NaN|R3,350,000
3|2|2|NaN|991 m²|142 m²|R3,300,000
2|2|NaN|1|NaN|105 m²|R3,300,000
3|2|2|NaN|851 m²|200 m²|R3,299,000
3|2|NaN|NaN|164 m²|NaN|R3,299,000
3|2|2|NaN|829 m²|250 m²|R3,295,000
2|2|1|NaN|NaN|83 m²|R3,295,000
6|5|NaN|NaN|959 m²|350 m²|R3,295,000
5|4|2|NaN|489 m²|NaN|R3,295,000
4|2|NaN|NaN|980 m²|NaN|R3,295,000
4|3|2|NaN|1,304 m²|340 m²|R3,290,000
4|3|2|NaN|694 m²|280 m²|R3,250,000
1|1|NaN|1|NaN|55 m²|R3,250,000
6|4|2|4|892 m²|439 m²|R3,250,000
3|2|4|NaN|765 m²|285 m²|R3,250,000
3|3|2|NaN|320 m²|250 m²|R3,240,000
3|2.5|NaN|NaN|NaN|106 m²|R3,200,000
5|3|2|NaN|682 m²|290 m²|R3,199,000
4|2|2|NaN|969 m²|330 m²|R3,195,000
5|2|2|NaN|793 m²|290 m²|R3,190,000
2|2|NaN|2|1,123 m²|82 m²|R3,150,000
3|2|NaN|NaN|204 m²|NaN|R3,150,000
2|2|1|1|NaN|87 m²|R3,150,000
4|3|1|NaN|551 m²|NaN|R3,150,000
2|2|NaN|NaN|NaN|77 m²|R3,100,000
3|2|3|NaN|792 m²|240 m²|R3,100,000
2|2|2|NaN|403 m²|161 m²|R3,100,000
1|1|NaN|1|NaN|55 m²|R3,100,000
3|2|1|NaN|94 m²|94 m²|R3,100,000
4|4|2|NaN|444 m²|145 m²|R3,095,000
3|2|2|NaN|7,557 m²|191 m²|R3,085,000
3|2|2|NaN|698 m²|166 m²|R3,050,000
1|1|NaN|1|NaN|51 m²|R3,000,000
2|2|NaN|NaN|NaN|105 m²|R3,000,000
2|2|1|NaN|NaN|88 m²|R3,000,000
2|1|NaN|NaN|147 m²|NaN|R2,999,999
5|3|2|NaN|568 m²|285 m²|R2,999,999
2|1|1|NaN|144 m²|NaN|R2,999,000
5|4|2|NaN|750 m²|NaN|R2,995,000
4|3.5|2|NaN|881 m²|446 m²|R2,995,000
1|1|NaN|1|NaN|69 m²|R2,995,000
1|1|NaN|2|NaN|93 m²|R2,995,000
2|2|NaN|2|5,674 m²|97 m²|R2,995,000
3|2|1|NaN|367 m²|NaN|R2,995,000
4|2|2|NaN|NaN|195 m²|R2,995,000
4|3|2|NaN|614 m²|NaN|R2,995,000
NaN|NaN|NaN|NaN|600 m²|NaN|R2,995,000
4|3|NaN|NaN|659 m²|NaN|R2,980,000
2|2|NaN|2|NaN|95 m²|R2,975,000
3|4|NaN|NaN|348 m²|206 m²|R2,955,000
2|2|NaN|1|3,742 m²|90 m²|R2,954,800
3|2.5|2|NaN|832 m²|NaN|R2,950,000
3|1|1|NaN|991 m²|206 m²|R2,950,000
1|1|NaN|NaN|NaN|53 m²|R2,950,000
4|2|NaN|NaN|290 m²|NaN|R2,950,000
1|1|NaN|NaN|NaN|65 m²|R2,950,000
3|2|2|NaN|266 m²|NaN|R2,945,000
3|2|2|NaN|503 m²|216 m²|R2,945,000
1|1|NaN|1|NaN|55 m²|R2,900,000
1|1|NaN|1|NaN|78 m²|R2,900,000
2|1|NaN|NaN|1,179 m²|NaN|R2,900,000
5|2|2|NaN|496 m²|NaN|R2,899,000
4|2|2|NaN|410 m²|NaN|R2,895,000
4|2|2|2|983 m²|NaN|R2,895,000
2|1|NaN|NaN|NaN|76 m²|R2,895,000
4|2|1|NaN|694 m²|280 m²|R2,895,000
3|1|1|NaN|763 m²|138 m²|R2,895,000
4|3|2|NaN|1,933 m²|425 m²|R2,890,000
1|1|NaN|1|67 m²|67 m²|R2,880,000
2|2|NaN|2|10,523 m²|136 m²|R2,850,000
3|2|2|NaN|436 m²|205 m²|R2,850,000
1|1|NaN|1|62 m²|62 m²|R2,850,000
1|1|NaN|1|NaN|49 m²|R2,850,000
3|3|2|NaN|471 m²|194 m²|R2,850,000
3|2|1|NaN|551 m²|203 m²|R2,850,000
4|2|2|NaN|584 m²|230 m²|R2,850,000
3|2|NaN|NaN|2,097 m²|NaN|R2,850,000
2|1|1|NaN|404 m²|89 m²|R2,850,000
3|2|3|NaN|782 m²|NaN|R2,800,000
4|1|NaN|NaN|495 m²|NaN|R2,800,000
3|2|1|NaN|627 m²|200 m²|R2,800,000
3|1|1|NaN|1,043 m²|200 m²|R2,800,000
3|2|1|NaN|520 m²|170 m²|R2,800,000
2|2|NaN|1|94 m²|94 m²|R2,795,000
1|2|NaN|NaN|109 m²|109 m²|R2,795,000
1|1|NaN|NaN|NaN|72 m²|R2,795,000
3|2|2|NaN|512 m²|200 m²|R2,795,000
3|2|2|NaN|494 m²|105 m²|R2,790,000
3|3|2|NaN|1,357 m²|NaN|R2,750,000
3|2.5|NaN|NaN|NaN|138 m²|R2,750,000
4|3|2|NaN|693 m²|260 m²|R2,750,000
2|1|NaN|NaN|135 m²|NaN|R2,750,000
1|1|NaN|1|NaN|66 m²|R2,750,000
3|2|1|2|233 m²|143 m²|R2,750,000
3|2|2|NaN|732 m²|250 m²|R2,735,000
3|2|2|NaN|761 m²|NaN|R2,700,000
4|2.5|2|NaN|694 m²|244 m²|R2,695,000
1|1|NaN|1|NaN|55 m²|R2,695,000
2|1|NaN|1|NaN|63 m²|R2,695,000
3|2|2|NaN|316 m²|120 m²|R2,695,000
3|2|NaN|NaN|117 m²|NaN|R2,695,000
5|2|NaN|NaN|332 m²|NaN|R2,695,000
1|1|NaN|1|NaN|61 m²|R2,695,000
2|1|NaN|2|NaN|63 m²|R2,685,000
3|2|NaN|2|10,523 m²|101 m²|R2,650,000
1|1|NaN|1|NaN|43 m²|R2,650,000
4|2|3|NaN|496 m²|160 m²|R2,650,000
1|1|NaN|1|NaN|43 m²|R2,650,000
2|1|1|NaN|NaN|70 m²|R2,650,000
5|3|2|NaN|966 m²|NaN|R2,650,000
3|2.5|NaN|NaN|268 m²|170 m²|R2,650,000
2|2|NaN|NaN|NaN|75 m²|R2,650,000
2|1|NaN|NaN|NaN|60 m²|R2,641,000
4|3|2|NaN|496 m²|220 m²|R2,620,000
1|1|NaN|1|NaN|48 m²|R2,612,000
3|2|2|NaN|415 m²|220 m²|R2,600,000
1|1|NaN|1|NaN|55 m²|R2,600,000
3|2.5|1|NaN|140 m²|140 m²|R2,600,000
3|3|2|3|793 m²|255 m²|R2,600,000
1|1|NaN|NaN|46 m²|46 m²|R2,599,995
3|2|NaN|2|NaN|108 m²|R2,595,000
3|1.5|NaN|NaN|106 m²|106 m²|R2,595,000
3|2|2|NaN|484 m²|NaN|R2,595,000
2|1|NaN|NaN|NaN|77 m²|R2,560,000
2|2|NaN|NaN|NaN|90 m²|R2,550,000
2|2|NaN|1|NaN|61 m²|R2,550,000
2|2|NaN|NaN|NaN|95 m²|R2,500,000
3|2|2|NaN|531 m²|NaN|R2,500,000
2|2|NaN|2|22,765 m²|120 m²|R2,500,000
1|1|NaN|1|687 m²|37 m²|R2,500,000
4|3|2|NaN|494 m²|249 m²|R2,500,000
4|3|2|NaN|496 m²|NaN|R2,500,000
1|1|NaN|NaN|NaN|53 m²|R2,500,000
3|2|1|2|1,004 m²|153 m²|R2,500,000
1|1|NaN|NaN|NaN|72 m²|R2,500,000
4|2|NaN|NaN|516 m²|NaN|R2,499,000
1|1|NaN|1|NaN|48 m²|R2,495,000
2|2|NaN|2|86 m²|86 m²|R2,495,000
2|1|NaN|2|NaN|82 m²|R2,495,000
4|3|2|NaN|422 m²|200 m²|R2,495,000
5|3|3|NaN|495 m²|NaN|R2,495,000
3|1.5|1|NaN|NaN|127 m²|R2,495,000
3|2|2|NaN|601 m²|154 m²|R2,490,000
3|2|2|NaN|429 m²|125 m²|R2,450,000
2|2|NaN|2|NaN|81 m²|R2,450,000
3|2|3|NaN|704 m²|181 m²|R2,450,000
2|1|1|NaN|NaN|88 m²|R2,450,000
3|2|1|NaN|261 m²|NaN|R2,450,000
2|2|NaN|1|93 m²|93 m²|R2,450,000
2|1|NaN|NaN|NaN|60 m²|R2,448,000
2|1|NaN|NaN|NaN|60 m²|R2,448,000
4|5|NaN|NaN|727 m²|NaN|R2,400,000
2|1|NaN|NaN|NaN|96 m²|R2,400,000
3|2|NaN|NaN|204 m²|NaN|R2,400,000
2|2|NaN|2|NaN|86 m²|R2,400,000
3|2|1|1|268 m²|150 m²|R2,399,000
1|1|NaN|1|NaN|99 m²|R2,395,000
3|2|2|NaN|NaN|156 m²|R2,395,000
2|2|NaN|1|NaN|97 m²|R2,395,000
4|2|2|NaN|595 m²|NaN|R2,395,000
1|1|NaN|1|NaN|93 m²|R2,395,000
2|1|1|NaN|NaN|86 m²|R2,395,000
3|2|2|NaN|325 m²|170 m²|R2,395,000
3|1|1|NaN|570 m²|132 m²|R2,385,000
2|1|NaN|NaN|NaN|60 m²|R2,383,000
2|2|1|NaN|487 m²|158 m²|R2,350,000
3|2|1|NaN|260 m²|94 m²|R2,350,000
3|2|2|NaN|546 m²|NaN|R2,350,000
3|2.5|2|NaN|210 m²|143 m²|R2,350,000
2|2|NaN|2|NaN|76 m²|R2,350,000
3|2|2|NaN|620 m²|NaN|R2,350,000
1|1|NaN|1|NaN|44 m²|R2,350,000
3|2|1|NaN|230 m²|115 m²|R2,350,000
1|1|NaN|2|4,638 m²|96 m²|R2,350,000
2|1|2|NaN|NaN|70 m²|R2,350,000
2|2|1|NaN|158 m²|99 m²|R2,345,000
2|1.5|NaN|NaN|116 m²|116 m²|R2,300,000
NaN|1|NaN|NaN|NaN|35 m²|R2,300,000
2|1|NaN|NaN|NaN|82 m²|R2,299,000
3|1|1|NaN|781 m²|NaN|R2,295,000
2|1|NaN|1|63 m²|63 m²|R2,295,000
3|2|2|NaN|304 m²|140 m²|R2,295,000
3|2|1|NaN|104 m²|104 m²|R2,295,000
1|1|NaN|NaN|NaN|49 m²|R2,295,000
1|1|NaN|NaN|NaN|83 m²|R2,295,000
2|2|1|NaN|NaN|65 m²|R2,295,000
3|2|1|1|256 m²|113 m²|R2,290,000
3|2|1|NaN|253 m²|110 m²|R2,290,000
3|1.5|1|NaN|186 m²|110 m²|R2,250,000
1|1|NaN|1|NaN|57 m²|R2,250,000
2|2|2|NaN|361 m²|84 m²|R2,250,000
2|1|NaN|NaN|NaN|81 m²|R2,250,000
3|2|1|NaN|229 m²|229 m²|R2,250,000
2|1.5|1|NaN|NaN|170 m²|R2,200,000
3|1|NaN|NaN|595 m²|NaN|R2,200,000
3|1|NaN|NaN|159 m²|NaN|R2,200,000
2|1.5|NaN|1|NaN|109 m²|R2,200,000
3|2|NaN|NaN|163 m²|NaN|R2,200,000
1|1|NaN|1|3,418 m²|45 m²|R2,195,000
2|2|NaN|NaN|132,497 m²|106 m²|R2,195,000
1|1|NaN|NaN|NaN|62 m²|R2,195,000
2|2|NaN|NaN|NaN|141 m²|R2,195,000
2|1|NaN|2|63 m²|63 m²|R2,195,000
2|1|NaN|NaN|131 m²|NaN|R2,195,000
2|2|NaN|1|64 m²|64 m²|R2,195,000
3|2|2|NaN|492 m²|133 m²|R2,190,000
2|2|1|1|NaN|90 m²|R2,180,000
3|1|1|NaN|NaN|99 m²|R2,150,000
2|2|NaN|NaN|NaN|70 m²|R2,150,000
1|1|NaN|1|NaN|49 m²|R2,150,000
2|1.5|NaN|NaN|124 m²|NaN|R2,150,000
2|1.5|1|NaN|285 m²|112 m²|R2,150,000
3|3|1|NaN|149 m²|176 m²|R2,149,000
3|2|NaN|NaN|NaN|108 m²|R2,103,000
3|1.5|1|NaN|NaN|141 m²|R2,100,000
1|1|NaN|1|3,630 m²|69 m²|R2,100,000
5|3.5|1|NaN|328 m²|NaN|R2,100,000
2|1|NaN|NaN|NaN|67 m²|R2,100,000
4|2|NaN|1|266 m²|150 m²|R2,100,000
3|1|2|NaN|525 m²|NaN|R2,100,000
4|2|1|NaN|216 m²|120 m²|R2,100,000
3|2|1|2|328 m²|187 m²|R2,100,000
4|1|2|NaN|465 m²|91 m²|R2,100,000
1|1|NaN|1|NaN|41 m²|R2,095,000
1|1|1|NaN|NaN|67 m²|R2,095,000
2|2|1|2|657 m²|106 m²|R2,075,000
5|4|1|NaN|1,191 m²|250 m²|R2,050,000
2|1|1|NaN|318 m²|86 m²|R2,050,000
2|1|NaN|1|63 m²|63 m²|R2,000,000
4|2|1|NaN|542 m²|NaN|R2,000,000
3|1|NaN|NaN|425 m²|NaN|R2,000,000
2|1|NaN|2|76 m²|76 m²|R2,000,000
2|1|1|NaN|NaN|103 m²|R1,999,999
NaN|1|NaN|NaN|35 m²|35 m²|R1,999,995
2|1|NaN|1|NaN|80 m²|R1,999,000
2|2|NaN|1|NaN|62 m²|R1,995,000
3|4|NaN|NaN|195 m²|NaN|R1,995,000
2|2|NaN|2|NaN|120 m²|R1,995,000
NaN|1|NaN|NaN|NaN|48 m²|R1,995,000
3|2|NaN|1|102 m²|102 m²|R1,995,000
2|1|1|NaN|NaN|88 m²|R1,995,000
2|1|NaN|2|NaN|64 m²|R1,995,000
3|4|NaN|NaN|196 m²|NaN|R1,995,000
2|1|NaN|NaN|NaN|71 m²|R1,990,000
5|2|NaN|NaN|495 m²|NaN|R1,985,000
2|1|1|1|NaN|98 m²|R1,975,000
3|1.5|NaN|NaN|NaN|106 m²|R1,960,000
1|1|NaN|NaN|NaN|40 m²|R1,950,000
NaN|1|NaN|NaN|NaN|53 m²|R1,950,000
2|2|NaN|2|105 m²|105 m²|R1,950,000
NaN|1|NaN|NaN|NaN|41 m²|R1,950,000
3|2|NaN|NaN|274 m²|NaN|R1,950,000
1|1|NaN|NaN|NaN|57 m²|R1,950,000
2|1|NaN|NaN|182 m²|84 m²|R1,950,000
3|1.5|1|1|204 m²|144 m²|R1,950,000
2|2|NaN|2|NaN|81 m²|R1,950,000
3|2|NaN|NaN|425 m²|NaN|R1,950,000
3|1|NaN|NaN|NaN|86 m²|R1,900,000
2|1|NaN|1|5,360 m²|63 m²|R1,900,000
2|1|NaN|NaN|NaN|63 m²|R1,900,000
2|2|NaN|NaN|270 m²|105 m²|R1,900,000
NaN|1|NaN|NaN|29 m²|29 m²|R1,899,995
3|2.5|1|1|163 m²|163 m²|R1,899,000
5|3|3|NaN|402 m²|NaN|R1,899,000
4|2|2|NaN|614 m²|150 m²|R1,895,000
3|1.5|1|NaN|NaN|102 m²|R1,895,000
3|2|NaN|2|NaN|78 m²|R1,895,000
3|1|NaN|NaN|396 m²|110 m²|R1,895,000
2|1|NaN|1|NaN|61 m²|R1,895,000
2|1|NaN|2|NaN|64 m²|R1,895,000
2|2|NaN|1|NaN|87 m²|R1,895,000
1|1|NaN|1|NaN|46 m²|R1,895,000
2|2|NaN|NaN|NaN|107 m²|R1,890,000
4|3|NaN|NaN|166 m²|NaN|R1,875,000
1|1|NaN|1|68 m²|68 m²|R1,875,000
1|1|NaN|1|3,742 m²|40 m²|R1,850,000
2|2|1|NaN|219 m²|NaN|R1,850,000
5|3|2|NaN|201 m²|NaN|R1,850,000
2|1|1|NaN|124 m²|124 m²|R1,850,000
3|1|1|NaN|248 m²|120 m²|R1,850,000
3|2|1|NaN|300 m²|124 m²|R1,850,000
3|2|1|NaN|357 m²|NaN|R1,850,000
2|2|NaN|2|104 m²|104 m²|R1,849,000
3|2|1|NaN|298 m²|150 m²|R1,849,000
2|1.5|NaN|NaN|93 m²|93 m²|R1,845,000
1|1|NaN|NaN|NaN|53 m²|R1,800,000
1|1|NaN|NaN|NaN|60 m²|R1,800,000
1|1|NaN|NaN|45 m²|45 m²|R1,799,000
3|2|2|NaN|400 m²|180 m²|R1,799,000
1|1|NaN|NaN|NaN|61 m²|R1,795,000
2|2|NaN|NaN|NaN|71 m²|R1,795,000
3|3|NaN|NaN|101 m²|NaN|R1,795,000
2|2|NaN|2|NaN|77 m²|R1,795,000
1|1|1|NaN|NaN|43 m²|R1,795,000
2|1|1|NaN|84 m²|84 m²|R1,795,000
2|2|1|NaN|97 m²|97 m²|R1,795,000
2|2|NaN|NaN|103 m²|103 m²|R1,795,000
2|1|1|NaN|211 m²|86 m²|R1,795,000
3|2|1|NaN|142 m²|95 m²|R1,780,000
2|2|1|NaN|356 m²|170 m²|R1,750,000
3|1.5|1|NaN|496 m²|NaN|R1,750,000
3|1|2|NaN|694 m²|NaN|R1,750,000
2|1|1|NaN|261 m²|112 m²|R1,750,000
NaN|1|NaN|NaN|NaN|31 m²|R1,745,000
2|1|1|NaN|364 m²|65 m²|R1,740,000
1|1|NaN|NaN|NaN|62 m²|R1,720,000
1|1|1|NaN|NaN|51 m²|R1,700,000
2|1|1|NaN|489 m²|90 m²|R1,700,000
1|1|NaN|1|NaN|49 m²|R1,700,000
2|1|1|NaN|211 m²|88 m²|R1,700,000
1|1|NaN|2|NaN|67 m²|R1,699,000
2|1|NaN|NaN|86 m²|86 m²|R1,695,000
2|2|NaN|2|405 m²|94 m²|R1,695,000
2|1|NaN|NaN|NaN|66 m²|R1,695,000
2|1|NaN|NaN|NaN|60 m²|R1,695,000
2|1|NaN|NaN|89 m²|89 m²|R1,695,000
2|1|1|NaN|273 m²|NaN|R1,695,000
1|1|NaN|1|NaN|47 m²|R1,695,000
2|2|NaN|1|NaN|57 m²|R1,695,000
1|1|NaN|1|NaN|54 m²|R1,690,000
2|1|NaN|2|NaN|69 m²|R1,680,000
2|2|NaN|2|NaN|73 m²|R1,675,000
3|1|NaN|NaN|296 m²|92 m²|R1,650,000
1|1|NaN|1|58 m²|58 m²|R1,650,000
3|1|NaN|NaN|NaN|81 m²|R1,650,000
1|1|NaN|NaN|NaN|34 m²|R1,650,000
2|1|2|NaN|NaN|95 m²|R1,650,000
2|1|NaN|2|NaN|64 m²|R1,650,000
2|1|1|NaN|NaN|92 m²|R1,650,000
2|2|NaN|1|95 m²|95 m²|R1,650,000
2|2|1|NaN|74 m²|74 m²|R1,644,000
1|1|NaN|NaN|NaN|49 m²|R1,630,000
1|1|NaN|NaN|NaN|49 m²|R1,630,000
2|1|NaN|NaN|4,701 m²|NaN|R1,625,000
1|1|NaN|1|NaN|42 m²|R1,625,000
1|1|NaN|NaN|NaN|42 m²|R1,600,000
3|1|1|NaN|NaN|81 m²|R1,600,000
3|1|NaN|NaN|248 m²|NaN|R1,600,000
1|1|NaN|1|NaN|53 m²|R1,600,000
1|1|NaN|1|NaN|42 m²|R1,600,000
1|1|NaN|1|NaN|56 m²|R1,595,000
2|2|NaN|2|NaN|65 m²|R1,595,000
2|1.5|1|NaN|NaN|86 m²|R1,595,000
3|2|1|1|103 m²|103 m²|R1,590,000
3|1|NaN|NaN|437 m²|128 m²|R1,590,000
1|1|NaN|1|NaN|38 m²|R1,586,000
2|1|NaN|NaN|NaN|56 m²|R1,575,000
3|1|2|NaN|300 m²|123 m²|R1,570,000
2|1|1|NaN|NaN|71 m²|R1,550,000
1|1|NaN|NaN|60 m²|60 m²|R1,550,000
1|1|NaN|1|NaN|49 m²|R1,550,000
3|1|4|NaN|389 m²|NaN|R1,550,000
4|3|NaN|NaN|548 m²|NaN|R1,550,000
3|1|1|NaN|230 m²|NaN|R1,550,000
3|2|1|NaN|304 m²|NaN|R1,540,000
2|1|NaN|1|18,688 m²|74 m²|R1,535,000
3|1|1|NaN|NaN|100 m²|R1,500,000
3|2|2|NaN|382 m²|132 m²|R1,500,000
3|1|1|NaN|311 m²|NaN|R1,500,000
1|1|NaN|1|NaN|61 m²|R1,500,000
1|1|NaN|NaN|5,873 m²|60 m²|R1,495,000
2|1|NaN|1|NaN|62 m²|R1,495,000
2|1|NaN|NaN|105 m²|NaN|R1,495,000
2|2|NaN|1|NaN|65 m²|R1,495,000
2|1|NaN|1|NaN|69 m²|R1,495,000
3|1|1|1|253 m²|100 m²|R1,495,000
1|1|NaN|1|NaN|47 m²|R1,495,000
2|2|NaN|NaN|NaN|65 m²|R1,490,000
2|2.5|NaN|1|NaN|100 m²|R1,480,000
3|1|1|1|216 m²|90 m²|R1,475,000
3|1|1|6|313 m²|NaN|R1,450,000
3|1|1|NaN|240 m²|93 m²|R1,450,000
3|1|1|NaN|265 m²|NaN|R1,450,000
2|1|2|NaN|287 m²|NaN|R1,449,000
2|1|1|NaN|NaN|64 m²|R1,445,000
3|1|NaN|NaN|314 m²|NaN|R1,420,000
2|1|NaN|NaN|NaN|59 m²|R1,420,000
1|1|NaN|NaN|NaN|38 m²|R1,415,000
3|1|2|NaN|184 m²|129 m²|R1,400,000
1|1|NaN|NaN|408 m²|39 m²|R1,400,000
1|1|NaN|NaN|NaN|50 m²|R1,400,000
1|1|1|1|74 m²|65 m²|R1,400,000
4|2|1|NaN|249 m²|NaN|R1,400,000
2|2|1|NaN|85 m²|85 m²|R1,399,000
2|2|1|1|NaN|76 m²|R1,399,000
5|3|3|NaN|360 m²|NaN|R1,399,000
1|1|NaN|NaN|NaN|35 m²|R1,395,000
2|1|1|5|267 m²|NaN|R1,395,000
1|1|1|NaN|49 m²|49 m²|R1,395,000
1|1|NaN|NaN|NaN|79 m²|R1,395,000
2|1|NaN|1|NaN|51 m²|R1,395,000
1|1|NaN|1|NaN|45 m²|R1,395,000
2|1|NaN|NaN|NaN|59 m²|R1,370,000
3|2|1|1|250 m²|NaN|R1,350,000
1|1|NaN|NaN|NaN|42 m²|R1,350,000
3|2|1|NaN|285 m²|NaN|R1,350,000
NaN|1|NaN|NaN|198 m²|NaN|R1,350,000
1|1|NaN|1|43 m²|41 m²|R1,350,000
1|1|NaN|1|NaN|41 m²|R1,350,000
3|2|1|NaN|265 m²|96 m²|R1,350,000
1|1|NaN|NaN|NaN|58 m²|R1,350,000
5|3|2|2|344 m²|NaN|R1,350,000
3|1|1|NaN|240 m²|NaN|R1,350,000
2|2|NaN|2|91 m²|91 m²|R1,350,000
2|1|NaN|2|NaN|61 m²|R1,349,000
1|1|NaN|1|60 m²|60 m²|R1,329,000
1|1|NaN|NaN|NaN|66 m²|R1,325,000
3|2|1|1|110 m²|110 m²|R1,315,000
3|1|1|NaN|355 m²|NaN|R1,300,000
2|1|1|NaN|NaN|63 m²|R1,300,000
3|1|NaN|1|213 m²|NaN|R1,300,000
3|1|NaN|1|184 m²|NaN|R1,300,000
1|1|NaN|NaN|80 m²|NaN|R1,300,000
NaN|1|NaN|NaN|NaN|43 m²|R1,299,995
1|1|NaN|1|36 m²|36 m²|R1,295,000
NaN|1|NaN|NaN|NaN|51 m²|R1,295,000
1|1|NaN|1|12,241 m²|36 m²|R1,295,000
NaN|1|NaN|NaN|NaN|47 m²|R1,295,000
2|1|1|NaN|112 m²|100 m²|R1,295,000
NaN|1|NaN|1|51 m²|51 m²|R1,295,000
2|2|1|1|6,650 m²|106 m²|R1,295,000
1|1|NaN|1|NaN|52 m²|R1,295,000
1|1|NaN|NaN|NaN|37 m²|R1,295,000
NaN|1|NaN|NaN|NaN|53 m²|R1,295,000
4|2|2|NaN|286 m²|NaN|R1,295,000
2|1|NaN|NaN|NaN|64 m²|R1,295,000
1|1|NaN|1|12,241 m²|44 m²|R1,295,000
3|1|2|5|249 m²|NaN|R1,290,000
2|1.5|NaN|NaN|NaN|89 m²|R1,285,000
3|2|2|NaN|264 m²|130 m²|R1,280,000
2|1|NaN|2|81 m²|81 m²|R1,280,000
3|1|NaN|NaN|181 m²|NaN|R1,280,000
2|1|NaN|1|62 m²|62 m²|R1,270,000
3|1|NaN|1|100 m²|NaN|R1,250,000
3|1|NaN|2|269 m²|NaN|R1,250,000
2|1|NaN|1|60 m²|60 m²|R1,250,000
4|4|1|NaN|220 m²|NaN|R1,250,000
2|1|1|1|2,558 m²|66 m²|R1,250,000
3|1|NaN|1|100 m²|NaN|R1,250,000
3|1|NaN|NaN|270 m²|NaN|R1,239,999
2|1|NaN|1|NaN|46 m²|R1,237,000
2|1|NaN|1|NaN|56 m²|R1,225,000
1|1|NaN|NaN|NaN|64 m²|R1,225,000
2|1|NaN|1|2,481 m²|57 m²|R1,215,000
2|1|NaN|2|58 m²|58 m²|R1,202,900
2|1|NaN|NaN|1,487 m²|NaN|R1,200,000
NaN|2|NaN|NaN|744 m²|NaN|R1,200,000
3|1|1|NaN|226 m²|NaN|R1,200,000
NaN|1|NaN|NaN|24 m²|24 m²|R1,199,995
2|1|NaN|1|NaN|56 m²|R1,199,000
NaN|1|NaN|NaN|NaN|32 m²|R1,195,000
2|1|NaN|1|81 m²|81 m²|R1,195,000
1|1|NaN|NaN|NaN|75 m²|R1,195,000
1|1|NaN|NaN|NaN|46 m²|R1,195,000
2|1|NaN|1|NaN|55 m²|R1,195,000
2|1|NaN|NaN|59 m²|59 m²|R1,195,000
2|1|NaN|NaN|82 m²|82 m²|R1,195,000
NaN|1|NaN|NaN|NaN|37 m²|R1,185,000
3|1|NaN|NaN|167 m²|NaN|R1,180,000
2|1|NaN|1|1,111 m²|45 m²|R1,179,000
2|1.5|NaN|NaN|82 m²|82 m²|R1,175,000
4|1|NaN|3|245 m²|NaN|R1,160,000
1|1|NaN|NaN|NaN|48 m²|R1,150,000
3|1|NaN|NaN|206 m²|NaN|R1,150,000
1|1|NaN|1|39 m²|39 m²|R1,150,000
3|1|2|NaN|336 m²|NaN|R1,150,000
2|1|NaN|NaN|NaN|71 m²|R1,150,000
1|1|NaN|NaN|54 m²|54 m²|R1,125,000
3|1|2|NaN|278 m²|NaN|R1,100,000
2|1|NaN|1|NaN|52 m²|R1,100,000
NaN|1|NaN|1|NaN|41 m²|R1,100,000
1|1|NaN|NaN|NaN|40 m²|R1,100,000
2|1.5|1|NaN|NaN|86 m²|R1,095,000
1|1|1|1|NaN|61 m²|R1,095,000
1|1|NaN|NaN|NaN|46 m²|R1,095,000
2|1|NaN|1|NaN|56 m²|R1,095,000
1|1|NaN|1|44 m²|44 m²|R1,080,000
3|1|2|NaN|167 m²|NaN|R1,080,000
2|1|NaN|1|3,695 m²|45 m²|R1,060,500
2|1|2|NaN|196 m²|NaN|R1,050,000
2|1|NaN|NaN|7,633 m²|63 m²|R1,050,000
1|1|NaN|1|NaN|44 m²|R1,050,000
2|1|NaN|NaN|NaN|66 m²|R1,050,000
3|1|NaN|NaN|267 m²|NaN|R1,050,000
1|1|NaN|1|NaN|43 m²|R1,050,000
1|1|NaN|NaN|NaN|46 m²|R1,050,000
1|1|NaN|NaN|NaN|44 m²|R1,050,000
3|2|3|NaN|278 m²|126 m²|R1,050,000
NaN|1|NaN|1|NaN|25 m²|R1,050,000
1|1|NaN|1|NaN|38 m²|R1,050,000
2|2|NaN|1|NaN|68 m²|R1,040,000
3|1|NaN|NaN|207 m²|NaN|R1,029,000
1|1|NaN|1|NaN|32 m²|R1,000,000
NaN|1|NaN|NaN|NaN|45 m²|R1,000,000
1|1|NaN|NaN|NaN|32 m²|R1,000,000
1|1|NaN|1|NaN|47 m²|R1,000,000
4|1|NaN|NaN|161 m²|NaN|R999,000
1|1|NaN|NaN|NaN|61 m²|R999,000
1|1|NaN|1|44 m²|44 m²|R995,000
1|1|NaN|NaN|NaN|42 m²|R995,000
1|1|NaN|1|44 m²|44 m²|R990,000
3|1|1|NaN|217 m²|NaN|R980,000
2|1|NaN|NaN|253 m²|71 m²|R980,000
4|1|NaN|NaN|120 m²|NaN|R980,000
2|1|NaN|1|NaN|53 m²|R980,000
1|1|NaN|1|64 m²|64 m²|R975,000
5|1|NaN|NaN|117 m²|NaN|R960,000
1|1|NaN|1|NaN|35 m²|R950,000
1|1|NaN|1|NaN|31 m²|R950,000
1|1|NaN|NaN|NaN|44 m²|R950,000
NaN|1|NaN|NaN|NaN|31 m²|R950,000
1|1|NaN|NaN|145 m²|51 m²|R950,000
3|1|NaN|NaN|240 m²|NaN|R950,000
4|2|2|NaN|168 m²|NaN|R950,000
4|3|NaN|NaN|200 m²|NaN|R950,000
4|1|2|NaN|153 m²|NaN|R949,000
1|1|NaN|NaN|NaN|33 m²|R930,000
1|1|1|NaN|NaN|35 m²|R920,000
3|1|3|NaN|181 m²|NaN|R900,000
2|1|2|NaN|199 m²|NaN|R899,000
3|1|1|NaN|201 m²|NaN|R899,000
1|1|NaN|NaN|36 m²|36 m²|R895,000
2|1|NaN|1|NaN|50 m²|R895,000
1|1|NaN|NaN|34 m²|34 m²|R895,000
2|1|NaN|1|50 m²|50 m²|R889,000
2|1|NaN|NaN|528 m²|NaN|R880,000
2|1|NaN|1|50 m²|50 m²|R865,000
2|1|NaN|1|NaN|50 m²|R859,000
3|1|NaN|NaN|320 m²|NaN|R850,000
1|1|NaN|1|31 m²|31 m²|R850,000
1|1|NaN|NaN|34 m²|34 m²|R850,000
2|1|NaN|NaN|253 m²|NaN|R850,000
4|1|2|NaN|137 m²|NaN|R849,999
2|1|NaN|NaN|215 m²|NaN|R849,000
2|1|NaN|1|50 m²|50 m²|R839,000
2|1|NaN|NaN|163 m²|NaN|R829,000
2|1|NaN|NaN|120 m²|NaN|R825,000
3|1|NaN|NaN|167 m²|NaN|R825,000
1|1|1|NaN|57 m²|57 m²|R825,000
2|1|NaN|1|NaN|52 m²|R820,000
3|1|NaN|NaN|140 m²|60 m²|R820,000
NaN|1|NaN|NaN|46 m²|46 m²|R800,000
3|1|NaN|NaN|110 m²|NaN|R799,999
2|1|NaN|NaN|176 m²|NaN|R799,999
2|1|NaN|NaN|305 m²|NaN|R799,000
1|1|NaN|1|NaN|35 m²|R799,000
2|1|NaN|1|NaN|50 m²|R795,000
3|1|NaN|NaN|143 m²|NaN|R790,000
1|1|NaN|1|32 m²|32 m²|R780,000
3|1|NaN|NaN|85 m²|NaN|R780,000
4|3|NaN|1|101 m²|96 m²|R780,000
3|1|NaN|2|135 m²|NaN|R780,000
1|1.5|1|NaN|NaN|68 m²|R780,000
3|1|2|NaN|73 m²|NaN|R770,000
2|1|NaN|1|NaN|54 m²|R770,000
1|1|NaN|1|NaN|29 m²|R765,000
3|1|NaN|NaN|190 m²|NaN|R760,000
3|1|1|4|220 m²|NaN|R760,000
2|1|1|NaN|NaN|66 m²|R750,000
3|1|NaN|NaN|178 m²|NaN|R750,000
2|1|NaN|NaN|92 m²|NaN|R749,000
3|1|NaN|NaN|144 m²|NaN|R749,000
3|1|3|NaN|175 m²|NaN|R749,000
3|1|4|NaN|148 m²|NaN|R740,000
3|1|NaN|2|201 m²|NaN|R720,000
1|1|NaN|NaN|NaN|28 m²|R720,000
2|1|NaN|1|NaN|40 m²|R720,000
1|1|NaN|1|NaN|58 m²|R699,000
5|1|NaN|NaN|225 m²|NaN|R695,000
1|1|NaN|1|NaN|43 m²|R695,000
2|1|NaN|NaN|NaN|54 m²|R695,000
2|1|NaN|2|2,220 m²|52 m²|R680,000
3|1|NaN|NaN|140 m²|NaN|R680,000
3|1|NaN|NaN|144 m²|NaN|R680,000
2|1|NaN|NaN|10,264 m²|38 m²|R670,000
3|1|NaN|NaN|144 m²|NaN|R660,000
3|1|NaN|NaN|150 m²|NaN|R650,000
2|1|NaN|2|54 m²|NaN|R629,990
2|1|NaN|NaN|269 m²|NaN|R600,000
1|1|NaN|NaN|NaN|20 m²|R595,000
1|1|NaN|NaN|NaN|35 m²|R595,000
2|1|NaN|NaN|82 m²|NaN|R565,000
2|1|NaN|NaN|96 m²|NaN|R550,000
2|1|NaN|NaN|100 m²|NaN|R549,000
2|1|1|NaN|144 m²|NaN|R460,000
4|1|NaN|2|135 m²|80 m²|R450,000
3|1|NaN|NaN|248 m²|NaN|R420,000
3|1|NaN|NaN|148 m²|NaN|R400,000
3|1|NaN|NaN|144 m²|NaN|R395,000
1|1|NaN|NaN|34 m²|34 m²|R390,000
1|1|NaN|NaN|34 m²|34 m²|R370,000
